code,name,water_g,energy_kcal,protein_g,fat_g,carb_g,fiber_g,ash_g,calcium_mg,phosphorus_mg,iron_mg,sodium_mg,potassium_mg,copper_mg,zinc_mg,retinol_mcg,beta_carotene_mcg,carotene_total_mcg,thiamin_mg,riboflavin_mg,niacin_mg,vitc_mg,bdd_pct,state,group,portion_g_cooked,note
kt-roti-bakar-srikaya-butter,Roti Bakar Srikaya + Butter,,318,6.2,12.5,46.0,1.8,,62,78,1.7,380,115,,0.6,,,,,,,0,100,Olahan,Kue/Dessert,120,"Kaya Butter Toast · 2 slice roti + srikaya + butter · conf:high · Angka standar kopitiam: roti putih panggang, srikaya ~25g, butter ~10g. Added sugar ~13g/porsi. · per100: gula 16.5g, lemak jenuh 6.8g, kolesterol 48mg, Mg 16mg"
kt-roti-bakar-srikaya,Roti Bakar Srikaya (tanpa butter),,272,6.5,4.8,50.5,2.0,,58,75,1.8,350,110,,0.6,,,,,,,0.0,100,Olahan,Kue/Dessert,110,"Kaya Toast (no butter) · 2 slice + srikaya · conf:high · per100: gula 17.0g, lemak jenuh 2.2g, kolesterol 22mg, Mg 16mg"
kt-srikaya-jam,Selai Srikaya / Kaya,,285,3.2,7.5,52.0,0.4,,28,55,0.6,65,105,,0.3,,,,,,,0.0,100,Olahan,Kue/Dessert,20,"Kaya (coconut-egg jam) · 1 sdm penuh (~20g) · conf:high · Hampir semua gulanya added sugar. · per100: gula 47.0g, lemak jenuh 5.8g, kolesterol 62mg, Mg 12mg"
kt-roti-srikaya-kukus,Roti Srikaya Kukus,,295,6.0,8.5,49.0,1.5,,55,72,1.5,320,110,,0.5,,,,,,,0.0,100,Olahan,Kue/Dessert,100,"Steamed Kaya Bread · 1 porsi (2 potong) · conf:med · per100: gula 18.0g, lemak jenuh 5.0g, kolesterol 40mg, Mg 15mg"
kt-butter-sugar-toast,Roti Bakar Gula Butter,,340,6.8,13.5,48.0,2.0,,118,82,2.6,420,105,,0.6,,,,,,,0.0,100,Olahan,Kue/Dessert,100,"Butter Sugar Toast · 2 slice · conf:high · Roti putih + butter 12g + gula pasir 10g. · per100: gula 15.0g, lemak jenuh 8.0g, kolesterol 32mg, Mg 17mg"
kt-peanut-butter-toast,Roti Bakar Selai Kacang,,352,11.5,15.8,43.0,3.0,,105,140,2.6,445,250,,1.2,,,,,,,0.0,100,Olahan,Kue/Dessert,110,"Peanut Butter Toast · 2 slice + PB 25g · conf:high · per100: gula 11.0g, lemak jenuh 3.6g, kolesterol 0mg, Mg 45mg"
kt-cheese-toast,Roti Bakar Keju,,330,12.5,13.0,40.0,1.8,,260,220,2.2,620,120,,1.3,,,,,,,0.0,100,Olahan,Kue/Dessert,110,"Cheese Toast · 2 slice + keju 30g · conf:high · per100: gula 7.0g, lemak jenuh 7.5g, kolesterol 32mg, Mg 20mg"
kt-coklat-meses-toast,Roti Bakar Coklat Meses,,365,6.5,14.0,53.0,2.5,,90,105,2.8,400,160,,0.8,,,,,,,0.0,100,Olahan,Kue/Dessert,110,"Chocolate Sprinkles Toast · 2 slice + butter + meses · conf:med · per100: gula 22.0g, lemak jenuh 8.5g, kolesterol 30mg, Mg 30mg"
kt-french-toast-kaya,Roti Telur (French Toast) + Srikaya,,295,8.5,12.0,38.0,1.5,,70,120,1.9,360,130,,0.8,,,,,,,0.0,100,Olahan,Kue/Dessert,140,"Kaya French Toast · 2 slice, celup telur · conf:med · per100: gula 12.5g, lemak jenuh 5.5g, kolesterol 118mg, Mg 15mg"
kt-telur-setengah-matang,Telur Setengah Matang (2 butir),,148,12.6,9.5,0.8,0,,56,198,1.75,260,140,,1.3,,,,,,,0,100,Olahan,Kue/Dessert,100,"Soft-Boiled Eggs (2) · 2 butir + kecap asin/merica · conf:high · Sodium sudah termasuk kecap asin ~1 sdt. · per100: gula 0.4g, lemak jenuh 3.1g, kolesterol 372mg, Mg 12mg"
kb-bolo-bun,Bolo Bun / Roti Nanas Polos,,350,7.0,13.0,51.0,1.5,,45,80,1.8,300,105,,0.6,,,,,,,0.0,100,Olahan,Kue/Dessert,85,"Pineapple Bun (plain) · 1 bun · conf:high · per100: gula 16.0g, lemak jenuh 7.0g, kolesterol 45mg, Mg 14mg"
kb-bolo-bun-butter,Bolo Bun Butter (菠蘿油),,405,6.5,22.0,46.0,1.3,,48,78,1.6,340,100,,0.6,,,,,,,0.0,100,Olahan,Kue/Dessert,100,"Pineapple Bun with Butter Slab · 1 bun + slab butter 15g · conf:high · per100: gula 14.5g, lemak jenuh 13.0g, kolesterol 78mg, Mg 13mg"
kb-bolo-bun-srikaya,Bolo Bun Srikaya,,360,6.5,12.5,55.0,1.4,,46,78,1.6,300,110,,0.6,,,,,,,0.0,100,Olahan,Kue/Dessert,100,"Kaya-Filled Pineapple Bun · 1 bun isi srikaya · conf:med · per100: gula 22.0g, lemak jenuh 7.2g, kolesterol 52mg, Mg 14mg"
kb-custard-bun,Roti Custard / Nai Wong Bao,,295,7.0,9.0,46.0,1.0,,55,90,1.3,220,95,,0.6,,,,,,,0.0,100,Olahan,Kue/Dessert,80,"Steamed Custard Bun · 1 bun · conf:high · per100: gula 14.0g, lemak jenuh 4.5g, kolesterol 60mg, Mg 12mg"
kb-pau-kacang-merah,Pau Kacang Merah,,255,6.5,3.5,49.0,2.8,,40,85,1.8,180,150,,0.7,,,,,,,0.0,100,Olahan,Kue/Dessert,80,"Red Bean Pau · 1 pau · conf:high · per100: gula 14.0g, lemak jenuh 1.2g, kolesterol 0mg, Mg 25mg"
kb-pau-charsiu,Pau Char Siu (babi merah),,265,9.5,8.0,39.0,1.3,,35,95,1.5,420,130,,0.9,,,,,,,0.0,100,Olahan,Kue/Dessert,90,"Char Siu Pau · 1 pau · conf:high · per100: gula 9.0g, lemak jenuh 3.0g, kolesterol 22mg, Mg 15mg"
kb-pau-babi-besar,Pau Besar Isi Babi,,250,10.0,9.5,32.0,1.4,,30,100,1.6,450,150,,1.1,,,,,,,0.0,100,Olahan,Kue/Dessert,130,"Big Pork Pau · 1 pau besar · conf:med · per100: gula 6.0g, lemak jenuh 3.5g, kolesterol 35mg, Mg 16mg"
kb-mantou-goreng,Mantou Goreng Susu,,370,6.5,14.0,55.0,1.2,,60,80,1.4,280,110,,0.5,,,,,,,0.0,100,Olahan,Kue/Dessert,90,"Fried Mantou w/ Condensed Milk · 3 pcs + susu kental manis · conf:med · per100: gula 18.0g, lemak jenuh 5.5g, kolesterol 8mg, Mg 14mg"
kd-kopi-o,Kopi O (gula),,30,0.2,0,7.6,0,,4,4,0.05,4,45,,0.02,,,,,,,0.0,100,Olahan,Minuman,200,"Black Coffee w/ Sugar · 1 cangkir 200ml · conf:high · Semua gula = added sugar (~15g/cangkir). · per100: gula 7.5g, lemak jenuh 0g, kolesterol 0mg, Mg 4mg"
kd-kopi-susu,Kopi Susu (kental manis),,58,1.3,1.4,10.5,0,,45,38,0.06,22,75,,0.15,,,,,,,0.0,100,Olahan,Minuman,200,"Kopi w/ Condensed Milk · 1 cangkir 200ml · conf:high · per100: gula 10.2g, lemak jenuh 0.9g, kolesterol 5mg, Mg 8mg"
kd-kopi-c,Kopi C (evaporated + gula),,45,1.5,1.5,6.8,0,,52,42,0.05,24,80,,0.16,,,,,,,0.0,100,Olahan,Minuman,200,"Kopi C · 1 cangkir 200ml · conf:high · per100: gula 6.5g, lemak jenuh 0.9g, kolesterol 6mg, Mg 8mg"
kd-teh-tarik,Teh Tarik,,68,1.6,2.4,10.5,0,,55,45,0.05,28,70,,0.18,,,,,,,0.0,100,Olahan,Minuman,240,"Pulled Milk Tea · 1 gelas 240ml · conf:high · per100: gula 10.0g, lemak jenuh 1.5g, kolesterol 8mg, Mg 8mg"
kd-milo,Milo Panas,,72,1.8,1.8,12.5,0.4,,95,65,1.4,45,120,,0.3,,,,,,,0.0,100,Olahan,Minuman,240,"Hot Milo · 1 gelas 240ml · conf:high · Fe & Ca fortifikasi — lumayan buat tracking Fe. · per100: gula 9.5g, lemak jenuh 1.1g, kolesterol 5mg, Mg 18mg"
kd-es-kopi-gula-aren,Es Kopi Susu Gula Aren,,78,1.5,2.6,12.5,0,,55,45,0.15,30,90,,0.15,,,,,,,0.0,100,Olahan,Minuman,250,"Iced Palm Sugar Latte · 1 cup 250ml · conf:med · per100: gula 11.5g, lemak jenuh 1.7g, kolesterol 9mg, Mg 9mg"
bp-bpk,Babi Panggang Karo (BPK),,292,24.5,20.5,1.5,0,,18,210,1.2,460,340,,3.4,,,,,,,1,100,Olahan,Masakan Nusantara,150,"Karo Grilled Pork · 1 porsi daging (~150g) · conf:med · Campuran shoulder/samcan panggang, bumbu jeruk-bawang. Belum termasuk saus gota & daun ubi. · per100: gula 0.5g, lemak jenuh 7.4g, kolesterol 88mg, Mg 22mg"
bp-bpk-lean,BPK Bagian Lean (has/paha),,215,28.5,11.0,1.0,0,,15,235,1.1,440,380,,3.8,,,,,,,1,100,Olahan,Masakan Nusantara,150,"BPK Lean Cut · 1 porsi · conf:med · Pilihan recomp: minta bagian tanpa kulit/lemak. · per100: gula 0.3g, lemak jenuh 3.8g, kolesterol 82mg, Mg 26mg"
bp-saksang,Saksang (dengan gota/darah),,248,18.5,17.5,3.5,0.6,,30,195,6.5,520,320,,3.0,,,,,,,2,100,Olahan,Masakan Nusantara,150,"Saksang w/ Blood Sauce · 1 porsi · conf:med · Fe sangat tinggi karena darah (heme iron) + santan. Salah satu sumber zat besi terbaik di library ini. · per100: gula 1.0g, lemak jenuh 7.8g, kolesterol 105mg, Mg 24mg"
bp-saksang-tanpa-gota,Saksang Tanpa Gota,,255,19.0,18.5,3.0,0.6,,25,190,1.4,500,315,,3.0,,,,,,,2,100,Olahan,Masakan Nusantara,150,"Saksang (no blood) · 1 porsi · conf:med · per100: gula 1.0g, lemak jenuh 8.2g, kolesterol 90mg, Mg 23mg"
bp-sio-bak,Sio Bak / Samcan Panggang Crispy,,480,13.5,46.0,0.5,0,,10,135,0.8,720,220,,1.9,,,,,,,0.0,100,Olahan,Masakan Nusantara,120,"Crispy Roast Pork Belly · 1 porsi · conf:high · Densitas kalori tertinggi. Kulit + lemak = sebagian besar kalorinya. · per100: gula 0g, lemak jenuh 16.8g, kolesterol 80mg, Mg 14mg"
bp-char-siu,Char Siu / Babi Panggang Merah,,252,20.5,14.5,9.5,0.2,,14,185,1.0,650,300,,2.6,,,,,,,0.0,100,Olahan,Masakan Nusantara,120,"Char Siu (BBQ Pork) · 1 porsi · conf:high · Gula dari glaze madu/maltose — hitung sebagai added sugar. · per100: gula 8.5g, lemak jenuh 5.2g, kolesterol 70mg, Mg 20mg"
bp-babi-guling,Babi Guling (daging + kulit),,295,22.0,22.0,1.5,0.2,,18,200,1.3,510,320,,3.2,,,,,,,1,100,Olahan,Masakan Nusantara,150,"Balinese Roast Suckling Pig · 1 porsi campur · conf:med · per100: gula 0.4g, lemak jenuh 8.0g, kolesterol 90mg, Mg 21mg"
bp-babi-kecap,Babi Kecap,,232,16.5,15.0,8.0,0.3,,16,175,1.4,780,300,,2.5,,,,,,,0.0,100,Olahan,Masakan Nusantara,150,"Pork in Sweet Soy · 1 porsi · conf:med · Sodium tinggi (kecap manis+asin). Sugar dari kecap manis = added. · per100: gula 6.5g, lemak jenuh 5.6g, kolesterol 70mg, Mg 22mg"
bp-sate-babi,Sate Babi (bumbu manis),,285,22.5,18.0,6.0,0.3,,18,205,1.3,560,320,,2.9,,,,,,,0.0,100,Olahan,Masakan Nusantara,100,"Pork Satay · 5 tusuk (~100g daging) · conf:med · Belum termasuk saus kacang — pakai item dressing 'Bumbu Kacang'. · per100: gula 5.0g, lemak jenuh 6.5g, kolesterol 78mg, Mg 24mg"
bp-sekba,Sekba / Bektim (jeroan babi),,148,13.0,8.5,4.5,0.2,,15,160,3.2,620,210,,2.4,,,,,,,0.0,100,Olahan,Masakan Nusantara,250,"Pork Offal Herbal Stew · 1 mangkok · conf:med · Jeroan: Fe, B12, kolesterol semuanya tinggi. · per100: gula 2.5g, lemak jenuh 3.0g, kolesterol 185mg, Mg 14mg"
bp-babi-rica,Babi Rica-Rica,,262,19.5,19.0,3.5,0.8,,22,195,1.6,540,350,,2.8,,,,,,,12,100,Olahan,Masakan Nusantara,150,"Manado Spicy Pork · 1 porsi · conf:med · per100: gula 1.5g, lemak jenuh 7.0g, kolesterol 82mg, Mg 25mg"
bp-daun-ubi-tumbuk,Daun Ubi Tumbuk (santan),,95,4.2,6.2,7.5,3.8,,165,62,2.6,280,380,,0.5,,,,,,,28,100,Olahan,Masakan Nusantara,100,"Pounded Cassava Leaves · 1 porsi pendamping · conf:high · Pendamping wajib BPK. Ca, Fe, fiber, vit C bagus — penyeimbang porsi babi. · per100: gula 1.5g, lemak jenuh 4.6g, kolesterol 0mg, Mg 48mg"
bp-saus-gota,Saus Gota (darah babi),,110,14.0,5.0,2.5,0.2,,12,120,18.0,480,190,,1.5,,,,,,,0.0,100,Olahan,Masakan Nusantara,30,"Karo Blood Sauce · 1 sendok sayur kecil · conf:low · Fe ekstrem tinggi (darah). Estimasi kasar — variasi antar lapo besar. · per100: gula 0.5g, lemak jenuh 2.0g, kolesterol 120mg, Mg 10mg"
bp-nasi-putih,Nasi Putih,,130,2.4,0.2,28.2,0.4,,10,43,0.2,1,35,,0.5,,,,,,,0.0,100,Olahan,Masakan Nusantara,150,"Steamed White Rice · 1 centong besar / porsi lapo · conf:high · per100: gula 0.1g, lemak jenuh 0.1g, kolesterol 0mg, Mg 12mg"
sl-caesar-ayam,Caesar Salad + Ayam Grilled,,155,11.0,10.5,4.5,1.4,,85,130,0.9,385,210,,0.9,,,,,,,8,100,Olahan,Sayur,300,"Chicken Caesar Salad · 1 porsi main · conf:high · per100: gula 1.8g, lemak jenuh 2.8g, kolesterol 38mg, Mg 16mg"
sl-garden,Garden Salad (tanpa dressing),,22,1.2,0.2,4.3,1.6,,28,28,0.6,18,210,,0.25,,,,,,,15,100,Olahan,Sayur,200,"Garden Salad (no dressing) · 1 mangkok · conf:high · Base netral — tambah dressing dari kategori dressing. · per100: gula 2.4g, lemak jenuh 0g, kolesterol 0mg, Mg 12mg"
sl-greek,Greek Salad (feta + olive),,105,3.5,8.5,4.8,1.5,,85,75,0.7,380,190,,0.5,,,,,,,14,100,Olahan,Sayur,250,"Greek Salad · 1 porsi · conf:high · per100: gula 3.0g, lemak jenuh 2.9g, kolesterol 12mg, Mg 14mg"
sl-caprese,Caprese (mozzarella-tomat),,165,9.0,12.5,4.0,1.0,,220,160,0.5,220,180,,1.2,,,,,,,12,100,Olahan,Sayur,200,"Caprese Salad · 1 porsi · conf:high · per100: gula 2.8g, lemak jenuh 5.5g, kolesterol 30mg, Mg 18mg"
sl-coleslaw,Coleslaw (mayo),,152,1.2,12.5,9.5,1.8,,38,28,0.4,260,160,,0.2,,,,,,,22,100,Olahan,Sayur,100,"Coleslaw · 1 porsi side · conf:high · per100: gula 7.5g, lemak jenuh 1.9g, kolesterol 8mg, Mg 9mg"
sl-tuna-salad,Tuna Salad (mayo),,187,16.0,12.0,3.5,0.5,,18,165,1.0,410,190,,0.6,,,,,,,1,100,Olahan,Sayur,150,"Tuna Salad · 1 porsi · conf:high · per100: gula 1.5g, lemak jenuh 1.9g, kolesterol 28mg, Mg 20mg"
sl-gado-gado,Gado-Gado (dengan bumbu kacang),,142,6.2,8.0,12.0,3.0,,75,110,1.8,355,300,,0.9,,,,,,,12,100,Olahan,Sayur,300,"Gado-Gado · 1 porsi lengkap + lontong sedikit · conf:high · per100: gula 4.8g, lemak jenuh 2.4g, kolesterol 45mg, Mg 42mg"
sl-pecel,Pecel Sayur,,128,5.8,7.0,11.5,3.4,,90,105,2.0,340,320,,0.8,,,,,,,18,100,Olahan,Sayur,250,"Pecel (Javanese Veg Salad) · 1 porsi tanpa nasi · conf:high · per100: gula 4.5g, lemak jenuh 1.8g, kolesterol 0mg, Mg 46mg"
sl-karedok,Karedok (sayur mentah + kacang),,118,5.0,6.5,11.0,3.2,,80,100,1.7,320,340,,0.8,,,,,,,30,100,Olahan,Sayur,250,"Karedok · 1 porsi · conf:high · per100: gula 5.0g, lemak jenuh 1.6g, kolesterol 0mg, Mg 44mg"
dr-caesar,Dressing Caesar,,542,2.2,57.8,3.6,0.4,,42,55,0.4,1209,45,,0.3,,,,,,,0.0,100,Olahan,Bumbu,15,"Caesar Dressing · 1 sdm (15g) · conf:high · per100: gula 2.8g, lemak jenuh 8.9g, kolesterol 38mg, Mg 6mg"
dr-ranch,Dressing Ranch,,430,1.3,44.5,5.9,0.3,,28,50,0.25,901,68,,0.2,,,,,,,0.0,100,Olahan,Bumbu,15,"Ranch Dressing · 1 sdm (15g) · conf:high · per100: gula 4.6g, lemak jenuh 6.9g, kolesterol 26mg, Mg 4mg"
dr-thousand-island,Dressing Thousand Island,,379,1.1,35.1,15.4,0.6,,17,30,0.6,843,105,,0.2,,,,,,,0.0,100,Olahan,Bumbu,15,"Thousand Island · 1 sdm (15g) · conf:high · per100: gula 14.6g, lemak jenuh 5.0g, kolesterol 26mg, Mg 6mg"
dr-balsamic-vinaigrette,Balsamic Vinaigrette,,299,0.4,26.0,15.0,0.1,,12,12,0.3,640,50,,0.1,,,,,,,0.0,100,Olahan,Bumbu,15,"Balsamic Vinaigrette · 1 sdm (15g) · conf:high · per100: gula 12.5g, lemak jenuh 3.9g, kolesterol 0mg, Mg 4mg"
dr-italian,Dressing Italian,,240,0.5,21.0,12.3,0.4,,12,15,0.4,1447,75,,0.1,,,,,,,0.0,100,Olahan,Bumbu,15,"Italian Dressing · 1 sdm (15g) · conf:high · per100: gula 9.9g, lemak jenuh 3.3g, kolesterol 0mg, Mg 4mg"
dr-honey-mustard,Honey Mustard,,464,1.2,39.0,26.0,0.6,,18,35,0.4,512,55,,0.2,,,,,,,0.0,100,Olahan,Bumbu,15,"Honey Mustard Dressing · 1 sdm (15g) · conf:high · per100: gula 23.0g, lemak jenuh 5.5g, kolesterol 28mg, Mg 8mg"
dr-goma,Dressing Wijen (Goma),,470,5.5,44.0,12.0,1.5,,90,110,1.6,880,120,,0.9,,,,,,,0.0,100,Olahan,Bumbu,15,"Japanese Sesame Dressing · 1 sdm (15g) · conf:med · per100: gula 8.5g, lemak jenuh 6.2g, kolesterol 12mg, Mg 40mg"
dr-olive-lemon,Olive Oil + Lemon,,600,0.1,66.0,2.0,0.1,,4,2,0.2,200,25,,0,,,,,,,8,100,Olahan,Bumbu,15,"Olive Oil & Lemon Dressing · 1 sdm (15g) · conf:high · Paling clean untuk recomp: zero added sugar, sodium bisa dikontrol. · per100: gula 0.8g, lemak jenuh 9.2g, kolesterol 0mg, Mg 1mg"
dr-mayo,Mayones Full Fat,,680,1.0,74.8,0.6,0,,8,28,0.2,635,20,,0.15,,,,,,,0.0,100,Olahan,Bumbu,15,"Mayonnaise · 1 sdm (15g) · conf:high · per100: gula 0.5g, lemak jenuh 11.7g, kolesterol 42mg, Mg 1mg"
dr-blue-cheese,Dressing Blue Cheese,,484,1.4,51.1,4.8,0,,37,60,0.1,642,88,,0.2,,,,,,,0.0,100,Olahan,Bumbu,15,"Blue Cheese Dressing · 1 sdm (15g) · conf:high · per100: gula 3.9g, lemak jenuh 9.6g, kolesterol 30mg, Mg 5mg"
dr-yogurt,Dressing Yogurt (Greek),,125,5.5,8.0,8.0,0.1,,95,105,0.1,380,140,,0.4,,,,,,,0.0,100,Olahan,Bumbu,15,"Greek Yogurt Dressing · 1 sdm (15g) · conf:med · Alternatif rendah kalori pengganti ranch/caesar. · per100: gula 6.0g, lemak jenuh 3.5g, kolesterol 15mg, Mg 10mg"
dr-bumbu-kacang,Bumbu Kacang (gado-gado/sate),,352,11.5,25.0,21.0,3.2,,45,160,1.5,620,340,,1.4,,,,,,,0.0,100,Olahan,Bumbu,30,"Indonesian Peanut Sauce · 2 sdm (30g) · conf:high · Serving default 30g karena pemakaian real lebih banyak dari dressing barat. · per100: gula 12.5g, lemak jenuh 5.5g, kolesterol 0mg, Mg 68mg"
dr-sambal-andaliman,Sambal Andaliman/Tuktuk,,95,2.5,5.5,9.5,3.0,,30,55,1.4,850,280,,0.4,,,,,,,35,100,Olahan,Bumbu,15,"Andaliman Chili Relish · 1 sdm (15g) · conf:low · Pendamping BPK. Sodium tinggi tapi porsinya kecil. · per100: gula 3.0g, lemak jenuh 0.9g, kolesterol 0mg, Mg 22mg"
cn-nasi-hainam,Nasi Hainam,,160,3.0,3.5,29.0,0.4,,12,48,0.3,380,55,,0.6,,,,,,,0.0,100,Olahan,Masakan Nusantara,200,"Hainanese Rice · 1 porsi nasi · conf:high · per100: gula 0.2g, lemak jenuh 1.2g, kolesterol 4mg, Mg 13mg"
cn-ayam-hainan-rebus,Ayam Hainan Rebus (dgn kulit),,180,22.0,10.0,0.5,0,,12,180,0.9,350,250,,1.5,,,,,,,0.0,100,Olahan,Masakan Nusantara,120,"Poached Hainanese Chicken · 1 porsi potong · conf:high · per100: gula 0.2g, lemak jenuh 2.8g, kolesterol 75mg, Mg 22mg"
cn-nasi-ayam-hainan-set,Nasi Ayam Hainan (set + kuah),,170,10.0,7.0,18.0,0.3,,12,105,0.6,420,140,,1.0,,,,,,,0.0,100,Olahan,Masakan Nusantara,400,"Hainanese Chicken Rice Set · 1 set lengkap · conf:high · per100: gula 0.5g, lemak jenuh 2.0g, kolesterol 38mg, Mg 17mg"
cn-capcay-goreng,Cap Cay Goreng,,85,4.5,5.0,6.0,1.8,,45,70,1.0,480,220,,0.6,,,,,,,20,100,Olahan,Masakan Nusantara,300,"Stir-Fried Cap Cay · 1 porsi · conf:med · per100: gula 2.5g, lemak jenuh 1.0g, kolesterol 35mg, Mg 18mg"
cn-capcay-kuah,Cap Cay Kuah,,55,4.0,2.5,5.0,1.6,,40,62,0.9,430,200,,0.5,,,,,,,18,100,Olahan,Masakan Nusantara,350,"Cap Cay in Broth · 1 porsi · conf:med · per100: gula 2.0g, lemak jenuh 0.6g, kolesterol 30mg, Mg 16mg"
cn-fuyunghai,Fuyunghai + Saus Asam Manis,,155,8.0,9.5,10.0,0.8,,45,120,1.4,520,140,,0.9,,,,,,,4,100,Olahan,Masakan Nusantara,250,"Fu Yung Hai · 1 porsi · conf:med · per100: gula 5.0g, lemak jenuh 2.5g, kolesterol 130mg, Mg 12mg"
cn-koloke,Koloke / Babi Kuluyuk,,235,11.0,12.0,20.0,0.6,,15,110,0.9,480,190,,1.6,,,,,,,8,100,Olahan,Masakan Nusantara,250,"Sweet & Sour Crispy Pork · 1 porsi · conf:med · per100: gula 10.0g, lemak jenuh 4.0g, kolesterol 42mg, Mg 16mg"
cn-ayam-kuluyuk,Ayam Kuluyuk,,220,12.0,10.0,21.0,0.6,,14,105,0.8,470,190,,0.9,,,,,,,8,100,Olahan,Masakan Nusantara,250,"Sweet & Sour Chicken · 1 porsi · conf:med · per100: gula 11.0g, lemak jenuh 2.6g, kolesterol 40mg, Mg 16mg"
cn-ayam-kungpao,Ayam Kungpao,,190,16.0,11.0,7.0,1.2,,20,150,1.0,620,260,,1.2,,,,,,,5,100,Olahan,Masakan Nusantara,250,"Kung Pao Chicken · 1 porsi · conf:high · per100: gula 4.0g, lemak jenuh 2.4g, kolesterol 45mg, Mg 32mg"
cn-ayam-lada-hitam,Ayam Lada Hitam,,170,16.0,9.0,6.0,0.8,,15,140,0.9,650,240,,1.1,,,,,,,6,100,Olahan,Masakan Nusantara,250,"Black Pepper Chicken · 1 porsi · conf:med · per100: gula 3.0g, lemak jenuh 2.2g, kolesterol 48mg, Mg 22mg"
cn-sapi-lada-hitam,Sapi Lada Hitam,,165,15.0,9.0,6.0,0.8,,14,150,1.8,680,250,,3.5,,,,,,,6,100,Olahan,Masakan Nusantara,250,"Black Pepper Beef · 1 porsi · conf:med · per100: gula 3.0g, lemak jenuh 3.2g, kolesterol 42mg, Mg 20mg"
cn-ifumie,Ifumie Siram,,185,7.0,8.0,22.0,1.2,,25,90,1.0,560,150,,0.8,,,,,,,6,100,Olahan,Masakan Nusantara,350,"Crispy Noodles w/ Gravy · 1 porsi · conf:med · per100: gula 2.5g, lemak jenuh 2.0g, kolesterol 35mg, Mg 16mg"
cn-bakmi-ayam,Bakmi Ayam (+ pangsit),,155,7.0,5.5,20.0,1.0,,18,85,1.0,520,120,,0.7,,,,,,,2,100,Olahan,Masakan Nusantara,350,"Chicken Noodles · 1 mangkok · conf:high · per100: gula 1.5g, lemak jenuh 1.4g, kolesterol 28mg, Mg 15mg"
cn-bakmi-babi,Bakmi Babi / Pangsit Babi,,170,8.0,7.0,19.0,1.0,,16,92,1.0,550,130,,0.9,,,,,,,2,100,Olahan,Masakan Nusantara,350,"Pork Noodles · 1 mangkok · conf:med · per100: gula 1.5g, lemak jenuh 2.4g, kolesterol 32mg, Mg 15mg"
cn-kwetiau-goreng,Kwetiau Goreng,,175,6.5,7.5,21.0,1.0,,20,80,1.0,590,140,,0.8,,,,,,,4,100,Olahan,Masakan Nusantara,300,"Fried Kwetiau · 1 porsi · conf:high · per100: gula 2.0g, lemak jenuh 1.8g, kolesterol 45mg, Mg 16mg"
cn-kwetiau-siram,Kwetiau Siram Sapi,,130,6.5,5.0,15.0,0.8,,18,85,1.1,560,140,,1.4,,,,,,,4,100,Olahan,Masakan Nusantara,350,"Kwetiau in Beef Gravy · 1 porsi · conf:med · per100: gula 1.5g, lemak jenuh 1.6g, kolesterol 25mg, Mg 15mg"
cn-nasi-goreng-babi,Nasi Goreng Babi,,195,8.0,8.5,22.0,0.8,,22,100,1.1,580,140,,1.0,,,,,,,3,100,Olahan,Masakan Nusantara,300,"Pork Fried Rice · 1 porsi · conf:med · per100: gula 1.5g, lemak jenuh 2.8g, kolesterol 60mg, Mg 16mg"
cn-sapo-tahu,Sapo Tahu Seafood,,95,6.5,5.0,5.0,1.0,,90,95,1.3,520,160,,0.7,,,,,,,6,100,Olahan,Masakan Nusantara,350,"Claypot Tofu Seafood · 1 claypot · conf:med · per100: gula 1.5g, lemak jenuh 0.9g, kolesterol 45mg, Mg 25mg"
cn-mun-tahu,Mun Tahu Babi Cincang,,110,7.5,7.0,4.0,0.8,,95,105,1.5,560,150,,0.9,,,,,,,2,100,Olahan,Masakan Nusantara,300,"Braised Tofu w/ Minced Pork · 1 porsi · conf:med · per100: gula 1.2g, lemak jenuh 1.8g, kolesterol 25mg, Mg 28mg"
cn-ayam-mentega,Ayam Goreng Mentega,,230,15.0,15.0,8.0,0.3,,15,130,0.8,560,190,,1.0,,,,,,,2,100,Olahan,Masakan Nusantara,250,"Butter Chicken (Chinese-style) · 1 porsi · conf:med · per100: gula 5.0g, lemak jenuh 6.0g, kolesterol 65mg, Mg 18mg"
cn-udang-mayones,Udang Mayones,,260,11.0,19.0,11.0,0.4,,45,140,0.6,480,130,,1.0,,,,,,,2,100,Olahan,Masakan Nusantara,200,"Prawn Mayonnaise · 1 porsi · conf:med · per100: gula 4.0g, lemak jenuh 3.5g, kolesterol 110mg, Mg 25mg"
cn-udang-goreng-tepung,Udang Goreng Tepung,,245,12.0,13.0,19.0,0.6,,50,150,0.8,520,140,,1.1,,,,,,,0,100,Olahan,Masakan Nusantara,180,"Battered Fried Prawns · 1 porsi · conf:high · per100: gula 1.0g, lemak jenuh 2.2g, kolesterol 105mg, Mg 28mg"
cn-cumi-goreng-tepung,Cumi Goreng Tepung,,235,11.0,12.0,20.0,0.6,,25,160,0.8,540,150,,1.2,,,,,,,0,100,Olahan,Masakan Nusantara,180,"Fried Calamari · 1 porsi · conf:high · per100: gula 1.0g, lemak jenuh 2.0g, kolesterol 180mg, Mg 30mg"
cn-hakau,Hakau Udang (dimsum),,165,8.0,5.0,22.0,0.6,,25,90,0.6,420,90,,0.7,,,,,,,0,100,Olahan,Masakan Nusantara,90,"Har Gow Shrimp Dumpling · 4 pcs · conf:high · per100: gula 1.0g, lemak jenuh 1.2g, kolesterol 45mg, Mg 18mg"
cn-siomay-dimsum,Siomay Dimsum (babi-udang),,180,10.0,9.0,15.0,0.6,,25,105,0.9,480,120,,1.1,,,,,,,0,100,Olahan,Masakan Nusantara,90,"Siu Mai · 4 pcs · conf:high · per100: gula 1.5g, lemak jenuh 3.0g, kolesterol 50mg, Mg 16mg"
cn-xiaolongbao,Xiao Long Bao,,190,9.0,9.0,18.0,0.7,,20,95,1.0,430,110,,0.9,,,,,,,0,100,Olahan,Masakan Nusantara,100,"Soup Dumplings · 4 pcs · conf:high · per100: gula 1.5g, lemak jenuh 3.2g, kolesterol 35mg, Mg 14mg"
cn-lumpia-goreng,Lumpia Goreng,,250,7.0,13.0,26.0,1.6,,30,80,1.2,460,140,,0.7,,,,,,,6,100,Olahan,Masakan Nusantara,100,"Fried Spring Rolls · 2 pcs · conf:high · per100: gula 2.5g, lemak jenuh 3.0g, kolesterol 20mg, Mg 18mg"
cn-ceker-angsio,Ceker Angsio (dimsum),,215,17.0,14.0,4.0,0,,88,85,0.9,620,80,,0.7,,,,,,,0,100,Olahan,Masakan Nusantara,120,"Braised Chicken Feet · 1 porsi · conf:high · per100: gula 2.0g, lemak jenuh 4.0g, kolesterol 84mg, Mg 7mg"
cn-lapchiong,Lapchiong / Sosis Babi Manis,,400,17.0,30.0,12.0,0,,10,140,1.3,950,220,,2.2,,,,,,,0,100,Olahan,Masakan Nusantara,50,"Chinese Sweet Sausage · 1 batang · conf:high · per100: gula 10.0g, lemak jenuh 11.0g, kolesterol 72mg, Mg 16mg"
cn-ngohiong,Ngohiong Babi,,275,13.0,18.0,14.0,0.8,,20,120,1.2,560,180,,1.6,,,,,,,1,100,Olahan,Masakan Nusantara,120,"Five-Spice Pork Roll · 1 porsi (2 potong) · conf:med · per100: gula 2.0g, lemak jenuh 6.0g, kolesterol 55mg, Mg 16mg"
cn-nasi-campur-babi,Nasi Campur Babi (charsiu+siobak+lapchiong),,210,12.0,11.0,17.0,0.4,,14,130,0.9,550,190,,1.8,,,,,,,1,100,Olahan,Masakan Nusantara,450,"Chinese Mixed Pork Rice · 1 porsi lengkap · conf:med · Rata-rata piring: nasi + charsiu + siobak + lapchiong + sayur asin. Per porsi ~945 kkal. · per100: gula 4.0g, lemak jenuh 4.0g, kolesterol 55mg, Mg 16mg"
pd-rendang,Rendang Sapi,,235,19.0,16.0,4.0,0.8,,25,175,2.6,480,300,,4.5,,,,,,,1,100,Olahan,Masakan Nusantara,100,"Beef Rendang · 1 potong besar · conf:high · per100: gula 1.5g, lemak jenuh 9.0g, kolesterol 70mg, Mg 28mg"
pd-ayam-pop,Ayam Pop,,175,24.0,8.0,1.5,0,,12,190,0.9,420,240,,1.4,,,,,,,1,100,Olahan,Masakan Nusantara,120,"Ayam Pop (poached-fried) · 1 potong · conf:med · per100: gula 0.3g, lemak jenuh 2.5g, kolesterol 72mg, Mg 24mg"
pd-gulai-ayam,Gulai Ayam,,165,14.0,11.0,3.0,0.5,,20,140,1.1,450,210,,1.2,,,,,,,2,100,Olahan,Masakan Nusantara,150,"Chicken Curry (Padang) · 1 potong + kuah · conf:high · per100: gula 1.0g, lemak jenuh 6.0g, kolesterol 55mg, Mg 22mg"
pd-ayam-bakar-padang,Ayam Bakar Padang,,195,22.0,11.0,2.0,0.3,,14,180,1.0,470,230,,1.4,,,,,,,1,100,Olahan,Masakan Nusantara,120,"Grilled Chicken (Padang) · 1 potong · conf:med · per100: gula 1.0g, lemak jenuh 3.5g, kolesterol 70mg, Mg 23mg"
pd-ayam-goreng-padang,Ayam Goreng Padang (bumbu kuning),,260,24.0,17.0,3.0,0.4,,15,185,1.1,450,230,,1.5,,,,,,,1,100,Olahan,Masakan Nusantara,120,"Padang Fried Chicken · 1 potong · conf:med · per100: gula 0.5g, lemak jenuh 5.0g, kolesterol 80mg, Mg 23mg"
pd-dendeng-balado,Dendeng Balado,,320,30.0,20.0,4.0,0.8,,20,210,3.5,620,380,,5.5,,,,,,,10,100,Olahan,Masakan Nusantara,80,"Crispy Beef w/ Chili · 1 porsi · conf:med · per100: gula 2.0g, lemak jenuh 7.0g, kolesterol 85mg, Mg 26mg"
pd-gulai-tunjang,Gulai Tunjang (kikil),,230,18.0,17.0,2.0,0.3,,30,90,1.2,480,150,,1.5,,,,,,,1,100,Olahan,Masakan Nusantara,120,"Beef Tendon Curry · 1 porsi · conf:med · per100: gula 0.8g, lemak jenuh 9.0g, kolesterol 95mg, Mg 14mg"
pd-telur-dadar-padang,Telur Dadar Padang,,220,11.0,17.0,5.0,0.5,,55,150,1.8,520,140,,1.0,,,,,,,2,100,Olahan,Masakan Nusantara,90,"Padang Omelette · 1 potong tebal · conf:med · per100: gula 1.0g, lemak jenuh 5.0g, kolesterol 250mg, Mg 14mg"
pd-perkedel,Perkedel Kentang,,185,4.5,10.0,20.0,1.6,,15,70,0.9,320,340,,0.5,,,,,,,8,100,Olahan,Masakan Nusantara,50,"Potato Fritter · 1 pc · conf:high · per100: gula 1.5g, lemak jenuh 2.5g, kolesterol 30mg, Mg 22mg"
pd-gulai-nangka,Gulai Nangka,,75,2.0,4.5,8.0,2.5,,35,40,0.8,350,180,,0.4,,,,,,,5,100,Olahan,Masakan Nusantara,100,"Young Jackfruit Curry · 1 porsi sayur · conf:high · per100: gula 2.5g, lemak jenuh 3.4g, kolesterol 0mg, Mg 20mg"
pd-gulai-daun-singkong,Gulai Daun Singkong,,90,4.0,6.0,6.0,3.0,,150,58,2.2,340,320,,0.5,,,,,,,22,100,Olahan,Masakan Nusantara,100,"Cassava Leaf Curry · 1 porsi sayur · conf:high · per100: gula 1.2g, lemak jenuh 4.5g, kolesterol 0mg, Mg 42mg"
pd-sambal-ijo,Sambal Ijo,,120,2.0,9.0,8.0,2.5,,18,42,1.0,480,290,,0.3,,,,,,,25,100,Olahan,Masakan Nusantara,30,"Green Chili Sambal · 1 sendok · conf:med · per100: gula 3.0g, lemak jenuh 1.5g, kolesterol 0mg, Mg 16mg"
pd-gulai-ikan,Gulai Ikan Kakap,,130,15.0,6.5,3.0,0.4,,30,160,0.9,430,260,,0.6,,,,,,,2,100,Olahan,Masakan Nusantara,150,"Fish Curry (Padang) · 1 potong + kuah · conf:high · per100: gula 1.0g, lemak jenuh 4.0g, kolesterol 42mg, Mg 28mg"
pd-paru-goreng,Paru Goreng,,335,28.0,22.0,5.0,0,,12,200,5.5,520,230,,2.5,,,,,,,20,100,Olahan,Masakan Nusantara,70,"Fried Beef Lung · 1 porsi · conf:med · Fe & B12 tinggi (organ). Kolesterol juga tinggi. · per100: gula 0.5g, lemak jenuh 8.0g, kolesterol 250mg, Mg 15mg"
jw-nasi-goreng,Nasi Goreng Ayam + Telur,,185,6.5,7.0,24.0,0.8,,22,90,1.0,560,120,,0.8,,,,,,,3,100,Olahan,Masakan Nusantara,350,"Chicken Fried Rice · 1 piring · conf:high · per100: gula 1.5g, lemak jenuh 1.8g, kolesterol 45mg, Mg 15mg"
jw-mie-goreng,Mie Goreng,,190,5.5,8.0,25.0,1.2,,18,75,1.1,620,110,,0.6,,,,,,,3,100,Olahan,Masakan Nusantara,300,"Fried Noodles · 1 piring · conf:high · per100: gula 2.5g, lemak jenuh 2.4g, kolesterol 25mg, Mg 14mg"
jw-ayam-goreng,"Ayam Goreng (paha, kulit)",,270,25.0,18.0,2.0,0,,15,185,1.2,420,230,,1.9,,,,,,,0,100,Olahan,Masakan Nusantara,100,"Fried Chicken Thigh · 1 potong · conf:high · per100: gula 0g, lemak jenuh 5.0g, kolesterol 90mg, Mg 23mg"
jw-ayam-bakar-kecap,Ayam Bakar Kecap,,210,22.0,11.0,6.0,0.2,,14,180,1.0,520,240,,1.5,,,,,,,1,100,Olahan,Masakan Nusantara,120,"Sweet Soy Grilled Chicken · 1 potong · conf:med · per100: gula 5.0g, lemak jenuh 3.0g, kolesterol 72mg, Mg 22mg"
jw-ayam-penyet,Ayam Penyet + Sambal,,250,23.0,16.0,4.0,0.8,,18,190,1.3,550,250,,1.8,,,,,,,8,100,Olahan,Masakan Nusantara,150,"Smashed Fried Chicken · 1 porsi · conf:med · per100: gula 1.5g, lemak jenuh 4.5g, kolesterol 85mg, Mg 24mg"
jw-ayam-geprek,Ayam Geprek,,265,22.0,17.0,8.0,0.8,,18,185,1.3,560,240,,1.6,,,,,,,10,100,Olahan,Masakan Nusantara,150,"Geprek Chicken · 1 porsi · conf:med · per100: gula 1.5g, lemak jenuh 4.8g, kolesterol 82mg, Mg 22mg"
jw-lele-goreng,Lele Goreng,,215,18.0,15.0,1.0,0,,20,210,0.8,380,300,,0.8,,,,,,,0,100,Olahan,Masakan Nusantara,100,"Fried Catfish · 1 ekor · conf:high · per100: gula 0g, lemak jenuh 3.5g, kolesterol 70mg, Mg 25mg"
jw-tempe-goreng,Tempe Goreng,,260,17.0,17.0,12.0,3.0,,110,250,2.7,250,370,,1.5,,,,,,,0,100,Olahan,Masakan Nusantara,50,"Fried Tempeh · 2 potong · conf:high · per100: gula 0.5g, lemak jenuh 3.5g, kolesterol 0mg, Mg 75mg"
jw-tahu-goreng,Tahu Goreng,,190,10.0,14.0,7.0,1.5,,180,120,2.5,240,120,,1.0,,,,,,,0,100,Olahan,Masakan Nusantara,60,"Fried Tofu · 2 potong · conf:high · per100: gula 0.5g, lemak jenuh 2.0g, kolesterol 0mg, Mg 35mg"
jw-telur-balado,Telur Balado,,195,10.0,14.0,7.0,0.8,,50,140,1.8,520,160,,0.9,,,,,,,8,100,Olahan,Masakan Nusantara,70,"Egg in Chili Sambal · 1 butir + sambal · conf:med · per100: gula 4.0g, lemak jenuh 3.5g, kolesterol 340mg, Mg 13mg"
jw-orek-tempe,Orek Tempe (kering manis),,265,14.0,14.0,22.0,3.0,,95,210,2.4,480,320,,1.3,,,,,,,0,100,Olahan,Masakan Nusantara,50,"Sweet Tempeh Floss · 1 porsi · conf:med · per100: gula 10.0g, lemak jenuh 3.0g, kolesterol 0mg, Mg 65mg"
jw-sayur-asem,Sayur Asem,,40,1.8,0.8,7.0,1.8,,30,35,0.7,330,180,,0.3,,,,,,,10,100,Olahan,Masakan Nusantara,200,"Tamarind Vegetable Soup · 1 mangkok · conf:high · per100: gula 2.5g, lemak jenuh 0.2g, kolesterol 0mg, Mg 16mg"
jw-sayur-lodeh,Sayur Lodeh,,70,2.5,4.5,6.0,2.0,,40,45,0.9,340,200,,0.4,,,,,,,8,100,Olahan,Masakan Nusantara,200,"Coconut Vegetable Stew · 1 mangkok · conf:high · per100: gula 2.0g, lemak jenuh 3.2g, kolesterol 0mg, Mg 20mg"
jw-semur-ayam,Semur Ayam,,175,15.0,9.0,8.0,0.3,,16,155,1.1,560,220,,1.3,,,,,,,1,100,Olahan,Masakan Nusantara,150,"Chicken in Sweet Soy Stew · 1 potong + kuah · conf:med · per100: gula 6.0g, lemak jenuh 2.6g, kolesterol 60mg, Mg 20mg"
jw-opor-ayam,Opor Ayam,,195,16.0,13.0,4.0,0.5,,20,160,1.2,440,220,,1.3,,,,,,,1,100,Olahan,Masakan Nusantara,150,"Chicken in Coconut Gravy · 1 potong + kuah · conf:high · per100: gula 1.5g, lemak jenuh 7.0g, kolesterol 62mg, Mg 24mg"
jw-gudeg,Gudeg (nangka),,135,3.5,5.0,20.0,3.0,,45,50,1.2,380,220,,0.4,,,,,,,4,100,Olahan,Masakan Nusantara,150,"Gudeg Jackfruit Stew · 1 porsi · conf:high · per100: gula 9.0g, lemak jenuh 3.5g, kolesterol 5mg, Mg 24mg"
jw-telur-dadar,Telur Dadar,,200,11.0,16.0,2.0,0,,55,160,1.9,420,130,,1.0,,,,,,,0,100,Olahan,Masakan Nusantara,60,"Fried Omelette · 1 butir · conf:high · per100: gula 1.0g, lemak jenuh 4.5g, kolesterol 350mg, Mg 12mg"
jw-nasi-uduk,Nasi Uduk,,165,3.0,4.5,28.0,0.5,,10,45,0.3,260,45,,0.5,,,,,,,0,100,Olahan,Masakan Nusantara,200,"Coconut Rice · 1 porsi · conf:high · per100: gula 0.3g, lemak jenuh 3.0g, kolesterol 0mg, Mg 12mg"
jw-nasi-kuning,Nasi Kuning,,160,3.0,4.0,28.0,0.5,,10,45,0.4,280,45,,0.5,,,,,,,0,100,Olahan,Masakan Nusantara,200,"Turmeric Rice · 1 porsi · conf:high · per100: gula 0.3g, lemak jenuh 2.8g, kolesterol 0mg, Mg 12mg"
st-soto-ayam,Soto Ayam Bening (tanpa nasi),,55,4.5,2.2,4.0,0.4,,14,65,0.5,420,110,,0.5,,,,,,,3,100,Olahan,Masakan Nusantara,400,"Clear Chicken Soto · 1 mangkok · conf:high · per100: gula 0.8g, lemak jenuh 0.6g, kolesterol 18mg, Mg 9mg"
st-soto-betawi,Soto Betawi (santan/susu),,135,7.0,10.0,4.0,0.3,,40,95,1.2,460,160,,1.6,,,,,,,2,100,Olahan,Masakan Nusantara,400,"Betawi Beef Soto · 1 mangkok · conf:high · per100: gula 1.5g, lemak jenuh 6.0g, kolesterol 30mg, Mg 14mg"
st-coto-makassar,Coto Makassar,,120,9.0,8.0,3.0,0.4,,20,110,2.5,520,170,,2.2,,,,,,,1,100,Olahan,Masakan Nusantara,400,"Makassar Beef & Offal Soup · 1 mangkok · conf:med · per100: gula 0.8g, lemak jenuh 3.5g, kolesterol 90mg, Mg 14mg"
st-rawon,Rawon,,95,8.0,5.5,3.5,0.6,,18,105,2.0,480,190,,2.0,,,,,,,2,100,Olahan,Masakan Nusantara,400,"Black Keluak Beef Soup · 1 mangkok · conf:high · per100: gula 1.0g, lemak jenuh 2.2g, kolesterol 28mg, Mg 18mg"
st-bakso,Bakso Kuah Komplit (+ mie/bihun),,90,5.5,3.5,9.0,0.5,,20,70,0.9,620,90,,0.9,,,,,,,1,100,Olahan,Masakan Nusantara,400,"Meatball Soup Bowl · 1 mangkok · conf:high · per100: gula 0.8g, lemak jenuh 1.4g, kolesterol 20mg, Mg 12mg"
st-mie-ayam,Mie Ayam (+ pangsit rebus),,150,7.0,5.5,19.0,0.9,,15,80,0.9,580,110,,0.7,,,,,,,1,100,Olahan,Masakan Nusantara,350,"Chicken Noodle Bowl · 1 mangkok · conf:high · per100: gula 1.5g, lemak jenuh 1.4g, kolesterol 25mg, Mg 14mg"
st-sop-buntut,Sop Buntut,,130,10.0,9.0,2.5,0.3,,15,105,1.5,450,170,,3.0,,,,,,,4,100,Olahan,Masakan Nusantara,400,"Oxtail Soup · 1 mangkok · conf:high · per100: gula 0.8g, lemak jenuh 4.0g, kolesterol 45mg, Mg 14mg"
st-tongseng,Tongseng Kambing,,155,12.0,10.0,5.0,0.5,,16,140,2.0,480,220,,3.2,,,,,,,3,100,Olahan,Masakan Nusantara,300,"Goat Tongseng · 1 porsi · conf:med · per100: gula 3.5g, lemak jenuh 5.0g, kolesterol 55mg, Mg 18mg"
st-gulai-kambing,Gulai Kambing,,170,13.0,12.0,3.0,0.4,,20,140,2.2,460,210,,3.4,,,,,,,1,100,Olahan,Masakan Nusantara,300,"Goat Curry · 1 porsi · conf:high · per100: gula 1.0g, lemak jenuh 7.0g, kolesterol 58mg, Mg 18mg"
st-sop-iga,Sop Iga Sapi,,145,11.0,10.0,3.0,0.4,,15,110,1.4,440,180,,2.8,,,,,,,4,100,Olahan,Masakan Nusantara,400,"Beef Rib Soup · 1 mangkok · conf:med · per100: gula 1.0g, lemak jenuh 4.5g, kolesterol 42mg, Mg 14mg"
st-sate-ayam,Sate Ayam (tanpa bumbu kacang),,225,25.0,13.0,2.0,0.1,,14,200,1.0,420,260,,1.6,,,,,,,0,100,Olahan,Masakan Nusantara,150,"Chicken Satay · 10 tusuk · conf:high · Bumbu kacang pakai item dressing 'Bumbu Kacang' (30g). · per100: gula 2.0g, lemak jenuh 4.0g, kolesterol 80mg, Mg 24mg"
st-sate-kambing,Sate Kambing,,245,23.0,16.0,2.0,0.1,,14,190,2.5,430,280,,4.0,,,,,,,0,100,Olahan,Masakan Nusantara,150,"Goat Satay · 10 tusuk · conf:high · per100: gula 1.5g, lemak jenuh 7.0g, kolesterol 75mg, Mg 22mg"
st-sate-padang,Sate Padang (+ kuah kental),,195,16.0,10.0,11.0,0.6,,18,150,2.2,520,220,,2.6,,,,,,,1,100,Olahan,Masakan Nusantara,200,"Padang Satay w/ Sauce · 10 tusuk + kuah · conf:med · per100: gula 1.5g, lemak jenuh 4.0g, kolesterol 70mg, Mg 20mg"
st-sate-lilit,Sate Lilit Bali,,210,14.0,14.0,6.0,0.8,,25,140,1.3,480,230,,1.2,,,,,,,2,100,Olahan,Masakan Nusantara,120,"Balinese Minced Satay · 5 batang · conf:med · per100: gula 1.5g, lemak jenuh 8.0g, kolesterol 45mg, Mg 26mg"
mn-ayam-rica,Ayam Rica-Rica,,205,20.0,13.0,3.0,0.8,,16,180,1.2,520,260,,1.5,,,,,,,15,100,Olahan,Masakan Nusantara,150,"Manado Spicy Chicken · 1 porsi · conf:med · per100: gula 1.5g, lemak jenuh 3.5g, kolesterol 72mg, Mg 23mg"
mn-ikan-woku,Ikan Woku Belanga,,125,16.0,5.5,3.5,0.8,,35,190,1.0,440,300,,0.7,,,,,,,12,100,Olahan,Masakan Nusantara,200,"Fish in Woku Spice · 1 porsi · conf:med · per100: gula 1.0g, lemak jenuh 1.2g, kolesterol 45mg, Mg 30mg"
mn-cakalang-fufu,Cakalang Fufu Suwir,,180,26.0,8.0,2.0,0.3,,25,240,1.5,620,350,,0.9,,,,,,,5,100,Olahan,Masakan Nusantara,100,"Smoked Skipjack Flakes · 1 porsi · conf:med · per100: gula 0.5g, lemak jenuh 2.0g, kolesterol 55mg, Mg 35mg"
mn-tinutuan,Tinutuan (Bubur Manado),,65,2.0,1.0,13.0,1.8,,25,45,0.8,260,180,,0.4,,,,,,,8,100,Olahan,Masakan Nusantara,350,"Manado Vegetable Porridge · 1 mangkok · conf:high · per100: gula 1.5g, lemak jenuh 0.2g, kolesterol 0mg, Mg 20mg"
mn-dabu-dabu,Sambal Dabu-Dabu,,45,1.5,1.5,7.5,1.8,,15,30,0.6,380,240,,0.2,,,,,,,45,100,Olahan,Masakan Nusantara,30,"Raw Chili-Tomato Relish · 1 sendok · conf:high · per100: gula 3.5g, lemak jenuh 0.2g, kolesterol 0mg, Mg 14mg"
sf-ikan-bakar,Ikan Bakar Kecap,,165,22.0,6.0,6.0,0.2,,30,210,0.9,560,340,,0.7,,,,,,,2,100,Olahan,Masakan Nusantara,200,"Grilled Fish w/ Sweet Soy · 1 ekor sedang · conf:high · per100: gula 5.0g, lemak jenuh 1.4g, kolesterol 55mg, Mg 32mg"
sf-gurame-goreng,Gurame Goreng,,240,20.0,16.0,4.0,0.2,,35,200,0.8,380,290,,0.8,,,,,,,0,100,Olahan,Masakan Nusantara,200,"Fried Gourami · 1 ekor sedang · conf:med · per100: gula 0g, lemak jenuh 3.8g, kolesterol 60mg, Mg 28mg"
sf-gurame-asam-manis,Gurame Asam Manis,,200,14.0,9.0,16.0,0.4,,30,170,0.8,480,250,,0.7,,,,,,,8,100,Olahan,Masakan Nusantara,250,"Sweet & Sour Gourami · 1 porsi · conf:med · per100: gula 9.0g, lemak jenuh 2.0g, kolesterol 50mg, Mg 25mg"
sf-udang-saus-padang,Udang Saus Padang,,145,14.0,6.5,8.0,0.8,,60,180,0.8,640,190,,1.2,,,,,,,10,100,Olahan,Masakan Nusantara,200,"Prawns in Padang Sauce · 1 porsi · conf:med · per100: gula 4.0g, lemak jenuh 1.2g, kolesterol 130mg, Mg 30mg"
sf-cumi-saus-tiram,Cumi Saus Tiram,,130,13.0,5.0,8.0,0.5,,28,175,0.9,660,200,,1.3,,,,,,,4,100,Olahan,Masakan Nusantara,200,"Squid in Oyster Sauce · 1 porsi · conf:med · per100: gula 3.0g, lemak jenuh 1.0g, kolesterol 190mg, Mg 32mg"
sf-kerang-rebus,Kerang Dara Rebus,,90,14.0,1.5,4.0,0,,60,180,6.0,450,220,,2.0,,,,,,,2,100,Olahan,Masakan Nusantara,150,"Boiled Blood Cockles · 1 porsi · conf:high · B12 & Fe juara — 1 porsi menutup kebutuhan B12 berhari-hari. · per100: gula 0g, lemak jenuh 0.4g, kolesterol 55mg, Mg 40mg"
sf-kepiting-saus-tiram,Kepiting Saus Tiram,,120,12.0,5.0,7.0,0.4,,60,170,0.7,600,220,,3.5,,,,,,,4,100,Olahan,Masakan Nusantara,250,"Crab in Oyster Sauce · 1 porsi (daging+saus) · conf:med · per100: gula 2.5g, lemak jenuh 1.0g, kolesterol 60mg, Mg 30mg"
sf-udang-bakar-madu,Udang Bakar Madu,,155,16.0,5.5,10.0,0.2,,65,190,0.7,520,200,,1.3,,,,,,,2,100,Olahan,Masakan Nusantara,180,"Honey Grilled Prawns · 1 porsi · conf:med · per100: gula 8.0g, lemak jenuh 1.0g, kolesterol 135mg, Mg 32mg"
vg-cah-kangkung,Cah Kangkung (bawang putih/terasi),,70,2.8,4.5,5.0,2.0,,70,45,2.0,480,310,,0.4,,,,,,,15,100,Olahan,Sayur,150,"Stir-Fried Water Spinach · 1 porsi · conf:high · per100: gula 1.5g, lemak jenuh 0.9g, kolesterol 0mg, Mg 40mg"
vg-tumis-buncis,Tumis Buncis,,75,2.5,4.5,6.5,2.5,,45,40,1.0,400,210,,0.3,,,,,,,10,100,Olahan,Sayur,150,"Stir-Fried Green Beans · 1 porsi · conf:high · per100: gula 2.5g, lemak jenuh 0.9g, kolesterol 0mg, Mg 25mg"
vg-terong-balado,Terong Balado,,105,1.5,7.5,8.5,2.5,,15,28,0.5,450,230,,0.2,,,,,,,4,100,Olahan,Sayur,150,"Eggplant in Chili Sambal · 1 porsi · conf:med · per100: gula 4.0g, lemak jenuh 1.4g, kolesterol 0mg, Mg 15mg"
vg-plecing-kangkung,Plecing Kangkung,,55,2.5,1.5,8.0,2.2,,72,46,2.0,480,320,,0.4,,,,,,,30,100,Olahan,Sayur,150,"Lombok Water Spinach Salad · 1 porsi · conf:high · per100: gula 2.5g, lemak jenuh 0.3g, kolesterol 0mg, Mg 42mg"
vg-urap,Urap Sayur (kelapa),,120,4.0,8.0,9.0,3.5,,60,70,1.5,350,290,,0.6,,,,,,,15,100,Olahan,Sayur,150,"Urap w/ Spiced Coconut · 1 porsi · conf:high · per100: gula 2.5g, lemak jenuh 5.5g, kolesterol 0mg, Mg 38mg"
vg-tauge-ikan-asin,Tumis Tauge Ikan Asin,,85,5.0,5.0,5.0,1.2,,55,90,0.9,640,180,,0.5,,,,,,,8,100,Olahan,Sayur,150,"Bean Sprouts w/ Salted Fish · 1 porsi · conf:med · per100: gula 1.5g, lemak jenuh 1.0g, kolesterol 15mg, Mg 22mg"
sn-martabak-manis,Martabak Manis Keju-Coklat,,390,8.0,18.0,50.0,1.2,,120,140,1.4,340,150,,0.9,,,,,,,0,100,Olahan,Kue/Dessert,120,"Sweet Martabak · 2 potong · conf:high · per100: gula 26.0g, lemak jenuh 9.0g, kolesterol 45mg, Mg 20mg"
sn-martabak-telur,Martabak Telur,,290,11.0,18.0,20.0,1.0,,45,140,1.8,560,140,,1.1,,,,,,,1,100,Olahan,Kue/Dessert,120,"Savory Egg Martabak · 2 potong · conf:high · per100: gula 2.0g, lemak jenuh 6.0g, kolesterol 120mg, Mg 16mg"
sn-pisang-goreng,Pisang Goreng,,250,2.5,11.0,36.0,1.8,,15,45,0.7,150,300,,0.3,,,,,,,6,100,Olahan,Kue/Dessert,80,"Fried Banana · 2 pcs · conf:high · per100: gula 15.0g, lemak jenuh 4.5g, kolesterol 0mg, Mg 25mg"
sn-bakwan,Bakwan Sayur,,280,5.0,16.0,28.0,1.8,,25,60,1.0,420,130,,0.5,,,,,,,4,100,Olahan,Kue/Dessert,60,"Vegetable Fritter · 2 pcs · conf:high · per100: gula 2.0g, lemak jenuh 3.5g, kolesterol 8mg, Mg 16mg"
sn-risoles,Risoles Ragout,,245,6.0,13.0,26.0,1.0,,40,85,1.1,380,110,,0.6,,,,,,,1,100,Olahan,Kue/Dessert,70,"Risoles · 2 pcs · conf:high · per100: gula 3.0g, lemak jenuh 4.5g, kolesterol 35mg, Mg 14mg"
sn-pastel,Pastel Isi,,260,6.0,14.0,27.0,1.2,,25,75,1.1,400,110,,0.6,,,,,,,1,100,Olahan,Kue/Dessert,70,"Fried Pastry (savory) · 2 pcs · conf:med · per100: gula 2.5g, lemak jenuh 4.0g, kolesterol 30mg, Mg 14mg"
sn-klepon,Klepon,,220,2.5,6.0,39.0,1.5,,20,40,0.8,60,120,,0.4,,,,,,,0,100,Olahan,Kue/Dessert,75,"Klepon (palm sugar rice balls) · 5 pcs · conf:high · per100: gula 18.0g, lemak jenuh 5.0g, kolesterol 0mg, Mg 18mg"
sn-onde-onde,Onde-Onde,,315,5.5,13.0,44.0,2.2,,55,90,1.4,90,160,,0.7,,,,,,,0,100,Olahan,Kue/Dessert,65,"Sesame Balls (mung bean) · 2 pcs · conf:high · per100: gula 18.0g, lemak jenuh 4.0g, kolesterol 0mg, Mg 32mg"
sn-bubur-kacang-hijau,Bubur Kacang Hijau (santan),,110,4.0,2.5,18.0,1.8,,25,70,1.3,90,170,,0.5,,,,,,,1,100,Olahan,Kue/Dessert,250,"Mung Bean Porridge · 1 mangkok · conf:high · per100: gula 10.0g, lemak jenuh 1.5g, kolesterol 0mg, Mg 30mg"
sn-es-cendol,Es Cendol / Dawet,,95,0.8,3.0,17.0,0.4,,15,20,0.4,45,80,,0.1,,,,,,,0,100,Olahan,Kue/Dessert,250,"Cendol · 1 gelas · conf:high · per100: gula 14.0g, lemak jenuh 2.6g, kolesterol 0mg, Mg 10mg"
sn-es-teler,Es Teler,,105,1.2,4.5,16.0,0.8,,25,30,0.4,40,140,,0.2,,,,,,,8,100,Olahan,Kue/Dessert,300,"Es Teler · 1 mangkok · conf:med · per100: gula 13.0g, lemak jenuh 3.5g, kolesterol 3mg, Mg 14mg"
sn-es-campur,Es Campur,,95,1.0,2.5,18.0,0.6,,25,25,0.4,45,100,,0.1,,,,,,,5,100,Olahan,Kue/Dessert,300,"Mixed Shaved Ice · 1 mangkok · conf:med · per100: gula 15.0g, lemak jenuh 1.8g, kolesterol 3mg, Mg 10mg"
kd-es-teh-manis,Es Teh Manis,,30,0,0,7.5,0,,3,2,0.02,3,20,,0.01,,,,,,,0.0,100,Olahan,Minuman,250,"Sweet Iced Tea · 1 gelas 250ml · conf:high · per100: gula 7.4g, lemak jenuh 0g, kolesterol 0mg, Mg 2mg"
kd-es-jeruk,Es Jeruk Peras,,38,0.3,0.1,9.2,0.1,,6,7,0.1,2,60,,0.02,,,,,,,15,100,Olahan,Minuman,250,"Iced Orange Juice (sweetened) · 1 gelas 250ml · conf:high · per100: gula 8.8g, lemak jenuh 0g, kolesterol 0mg, Mg 4mg"
kd-jus-alpukat,Jus Alpukat + SKM Coklat,,120,1.5,7.0,13.0,2.2,,30,30,0.3,25,250,,0.3,,,,,,,4,100,Olahan,Minuman,300,"Avocado Shake w/ Choc Milk · 1 gelas 300ml · conf:high · per100: gula 10.0g, lemak jenuh 2.5g, kolesterol 3mg, Mg 14mg"
kd-wedang-jahe,Wedang Jahe Gula Merah,,35,0.1,0,8.5,0,,5,3,0.1,5,25,,0.02,,,,,,,0.0,100,Olahan,Minuman,250,"Ginger Palm Sugar Drink · 1 gelas 250ml · conf:high · per100: gula 8.0g, lemak jenuh 0g, kolesterol 0mg, Mg 3mg"
bf-daging-sapi-giling,"Daging sapi giling (minced beef), mentah",60,254,17,20,0,0,,,,2,66,270,,4,,,,,,,0,100,Tunggal,Daging,100,"Minced beef · 100 g · conf:high · Daging sapi giling / ground beef, regular ~20% lemak, mentah (per 100g). Sesuaikan gram dengan porsimu. · per100: lemak jenuh 8g, kolesterol 71mg"
bw-brownie-liptan,Brownie Tulip,7,530,8,37,43,3,,,,,,,,,,,,,,,,100,Olahan,Kue/Dessert,45,"Tulip brownie · 1 potong ~45g · conf:med · Resep: 115g coklat Tulip + 1 telur + 30g butter + 30g minyak + 60g oat (~260g matang). Coklat compound bergula, bukan sugar-free. · per100: gula 26g"
